Date,AAPL_Close,AAPL_High,AAPL_Low,AAPL_Open,AAPL_Volume,AMZN_Close,AMZN_High,AMZN_Low,AMZN_Open,AMZN_Volume,NFLX_Close,NFLX_High,NFLX_Low,NFLX_Open,NFLX_Volume
2024-01-02,183.40402221679688,186.17030008579113,181.6751004330507,184.89582930034302,82488700,149.92999267578125,152.3800048828125,148.38999938964844,151.5399932861328,47339400,46.849998474121094,48.46500015258789,46.18600082397461,48.319000244140625,50494000
2024-01-03,182.03076171875,183.6411336613478,181.22063114701328,182.00112426612563,58414500,148.47000122070312,151.0500030517578,148.3300018310547,149.1999969482422,49425500,47.0260009765625,47.505001068115234,46.57699966430664,46.731998443603516,34437000
2024-01-04,179.71896362304688,180.88474371487789,178.70137080560033,179.956063262062,71983600,144.57000732421875,147.3800048828125,144.0500030517578,145.58999633789062,56039800,47.46699905395508,48.07400131225586,46.65299987792969,47.29800033569336,36365000
2024-01-05,178.99774169921875,180.5587129492039,177.99991223040004,179.79799818956093,62379700,145.24000549316406,146.58999633789062,144.52999877929688,144.69000244140625,45153100,47.40599822998047,47.95500183105469,47.18000030517578,47.650001525878906,26313000
2024-01-08,183.32498168945312,183.36450834315934,179.313885613353,179.89677561800764,59144500,149.10000610351562,149.39999389648438,146.14999389648438,146.74000549316406,46757100,48.50299835205078,48.52399826049805,47.3650016784668,47.388999938964844,36758000
2024-01-09,182.9100341796875,182.9199083051763,180.52905841182087,181.7047275700206,42841800,151.3699951171875,151.7100067138672,148.2100067138672,148.3300018310547,43812600,48.20899963378906,48.50899887084961,47.380001068115234,47.553001403808594,35268000
2024-01-10,183.94740295410156,184.15486512874935,181.7047401626592,182.12956878813148,46792900,153.72999572753906,154.4199981689453,151.8800048828125,152.05999755859375,44421800,47.83300018310547,48.70000076293945,47.29499816894531,48.15999984741211,43424000
2024-01-11,183.35462951660156,184.7970509584636,181.40835627398752,184.2931840827093,49128400,155.17999267578125,157.1699981689453,153.1199951171875,155.0399932861328,49072700,49.222999572753906,50.340999603271484,48.38199996948242,49.25400161743164,79933000
2024-01-12,183.68063354492188,184.49076406507768,182.95943045197853,183.81894667336306,40477800,154.6199951171875,156.1999969482422,154.00999450683594,155.38999938964844,40484200,49.215999603271484,50.07899856567383,49.06100082397461,50.05099868774414,50037000
2024-01-16,181.418212890625,182.04061439740983,178.75072186869164,179.9659175831278,65603000,153.16000366210938,154.99000549316406,152.14999389648438,153.52999877929688,41384600,48.124000549316406,49.415000915527344,47.801998138427734,49.0,46790000
2024-01-17,180.4796905517578,180.7266794090325,178.12836688150517,179.08668485373124,47317400,151.7100067138672,152.14999389648438,149.91000366210938,151.49000549316406,34953400,48.03300094604492,48.62099838256836,47.5260009765625,48.45000076293945,48946000
2024-01-18,186.35800170898438,186.86185345428623,183.59172402252184,183.8485869578717,78005800,153.5,153.77999877929688,151.82000732421875,152.77000427246094,37850200,48.53099822998047,48.57699966430664,47.801998138427734,48.00299835205078,40544000
2024-01-19,189.2527313232422,189.638033320768,186.54574321370293,187.0495950335435,68903000,155.33999633789062,155.75999450683594,152.74000549316406,153.8300018310547,51651600,48.29499816894531,48.56700134277344,47.60599899291992,48.49800109863281,56724000
2024-01-22,191.55465698242188,192.97731505960866,189.94428498185601,189.9838116367789,60133900,154.77999877929688,157.0500030517578,153.89999389648438,156.88999938964844,43687500,48.57099914550781,48.97999954223633,47.9900016784668,48.755001068115234,52123000
2024-01-23,192.82908630371094,193.39222799671276,191.49535584528522,192.67102493067515,42355600,156.02000427246094,156.2100067138672,153.92999267578125,154.85000610351562,37986000,49.21900177001953,49.895999908447266,48.13999938964844,49.20000076293945,155060000
2024-01-24,192.15731811523438,194.0146790217886,191.99924163914412,193.06623524024957,53631300,156.8699951171875,158.50999450683594,156.47999572753906,157.8000030517578,48547300,54.48699951171875,56.25,53.707000732421875,53.775001525878906,264328000
2024-01-25,191.83126831054688,193.90598035718745,190.78403816176663,192.86862433386716,54822100,157.75,158.50999450683594,154.5500030517578,156.9499969482422,43638600,56.20000076293945,56.34600067138672,54.84600067138672,55.19499969482422,94519000
2024-01-26,190.1023712158203,192.41418317249008,189.62815685740148,191.9300946873343,44594000,159.1199951171875,160.72000122070312,157.91000366210938,158.4199981689453,51047400,57.04199981689453,57.9640007019043,55.84299850463867,56.180999755859375,127706000
2024-01-29,189.42066955566406,189.8850097627336,187.29657164460275,189.6972958396627,47145600,161.25999450683594,161.2899932861328,158.89999389648438,159.33999633789062,45270400,57.57899856567383,57.85499954223633,56.268001556396484,57.1349983215332,69054000
2024-01-30,185.77511596679688,189.48983770252025,185.21198926058483,188.64019550498801,55859400,159.0,161.72999572753906,158.49000549316406,160.6999969482422,45207400,56.28499984741211,57.0880012512207,56.082000732421875,56.731998443603516,61818000
2024-01-31,182.17892456054688,184.84641553917146,182.129538862794,184.78712556686926,55467800,155.1999969482422,159.00999450683594,154.80999755859375,157.0,50284400,56.4109992980957,57.21500015258789,56.20399856567383,56.28499984741211,48576000
2024-02-01,184.60931396484375,184.6982263171025,181.6059367135455,181.77388729281213,64885400,159.27999877929688,159.75999450683594,155.6199951171875,155.8699951171875,76542400,56.750999450683594,57.26599884033203,56.382999420166016,56.70199966430664,31740000
2024-02-02,183.61151123046875,185.07368095456727,177.0909997696198,177.69365314728918,102551700,171.80999755859375,172.5,167.3300018310547,169.19000244140625,117218300,56.4640007019043,56.779998779296875,56.23699951171875,56.45199966430664,40328000
2024-02-05,185.41941833496094,186.97051518171523,183.60158444736317,185.88375846902116,69668800,170.30999755859375,170.5500030517578,167.6999969482422,170.1999969482422,55081300,56.20600128173828,57.57500076293945,55.720001220703125,56.24700164794922,41431000
2024-02-06,187.01992797851562,187.02980210381148,184.5204024536245,184.60931480628852,43490800,169.14999389648438,170.7100067138672,167.64999389648438,169.38999938964844,42505500,55.5880012512207,56.63399887084961,55.4370002746582,56.4119987487793,28403000
2024-02-07,187.1286163330078,188.74886241631054,186.33824908078662,188.3437971267345,53439000,170.52999877929688,170.8800048828125,168.94000244140625,169.47999572753906,47174100,55.93000030517578,56.779998779296875,55.49800109863281,55.816001892089844,43736000
2024-02-08,186.05172729492188,187.25701874915856,185.09340956143063,187.10883150171134,40962000,169.83999633789062,171.42999267578125,168.8800048828125,169.64999389648438,42316500,55.85300064086914,56.369998931884766,55.57400131225586,56.05500030517578,31755000
2024-02-09,186.8134307861328,187.94113632063826,185.97259122428568,186.61557552858977,45155200,174.4499969482422,175.0,170.5800018310547,170.89999389648438,56986000,56.13199996948242,56.599998474121094,55.810001373291016,56.5,30557000
2024-02-12,185.13174438476562,186.63535673641036,184.77562606711913,186.3880527684402,41781900,172.33999633789062,175.38999938964844,171.5399932861328,174.8000030517578,51050400,55.78499984741211,56.84400177001953,55.70000076293945,56.0359992980957,36085000
2024-02-13,183.04449462890625,184.20189045877694,181.53099558275042,183.76663306878044,56529500,168.63999938964844,170.9499969482422,165.75,167.72999572753906,56345100,55.45199966430664,55.91999816894531,54.900001525878906,55.08000183105469,35115000
2024-02-14,182.1641082763672,183.5292310959524,180.472557481369,183.3215042025078,54630500,170.97999572753906,171.2100067138672,168.27999877929688,169.2100067138672,42815500,57.93299865722656,58.125,56.433998107910156,56.72600173950195,56342000
2024-02-15,181.8772430419922,182.50045391335385,179.39431647047905,181.57058851615943,65434500,169.8000030517578,171.1699981689453,167.58999633789062,170.5800018310547,49855200,59.34600067138672,59.37699890136719,58.03200149536133,58.191001892089844,52209000
2024-02-16,180.34393310546875,182.85654973235168,179.7108355866275,181.44196326564102,49752500,169.50999450683594,170.4199981689453,167.1699981689453,168.74000549316406,48107700,58.39500045776367,59.70000076293945,57.74599838256836,59.69499969482422,43257000
2024-02-20,179.60205078125,180.46266385305907,178.0588762686663,179.82956623009554,53665600,167.0800018310547,168.7100067138672,165.74000549316406,167.8300018310547,41980300,57.51300048828125,58.599998474121094,56.965999603271484,58.018001556396484,31242000
2024-02-21,180.35385131835938,180.91769653606136,178.71174929095213,179.9779444437335,41371400,168.58999633789062,170.22999572753906,167.13999938964844,168.94000244140625,44420100,57.334999084472656,57.577999114990234,56.731998443603516,57.35100173950195,22706000
2024-02-22,182.38172912597656,182.9653779737103,180.49233824441416,181.50132758611662,52292200,174.5800018310547,174.8000030517578,171.77000427246094,173.10000610351562,55392400,58.84700012207031,59.084999084472656,57.888999938964844,58.275001525878906,35266000
2024-02-23,180.5516815185547,183.04449459753943,180.26480046872615,183.01481932952075,45119700,174.99000549316406,175.75,173.6999969482422,174.27999877929688,59715200,58.35599899291992,59.24300003051758,57.981998443603516,58.63999938964844,25689000
2024-02-26,179.2063751220703,180.78911167382452,178.70186529911302,180.27473021897956,40867400,174.72999572753906,176.3699951171875,174.25999450683594,175.6999969482422,44368600,58.76499938964844,59.07500076293945,58.32699966430664,58.35599899291992,23937000
2024-02-27,180.6605224609375,181.93660445629962,177.6236221032545,179.1470231922399,54318900,173.5399932861328,174.6199951171875,172.86000061035156,174.0800018310547,31141700,60.16699981689453,60.5359992980957,59.233001708984375,59.5,44894000
2024-02-28,179.46353149414062,181.14519536218177,178.18744973320082,180.5417731107642,48953900,173.16000366210938,174.0500030517578,172.27000427246094,172.44000244140625,28180500,59.64799880981445,59.81700134277344,59.000999450683594,59.57899856567383,26052000
2024-02-29,178.80076599121094,180.6011460945577,177.59392143922238,179.31516246277232,136682600,176.75999450683594,177.22000122070312,172.85000610351562,173.00999450683594,53805400,60.29199981689453,60.45199966430664,59.51599884033203,60.42499923706055,35721000
2024-03-01,177.72251892089844,178.5831318593588,175.46710804516843,177.61370457626955,73563100,178.22000122070312,178.72999572753906,176.07000732421875,176.75,31981200,61.933998107910156,62.02799987792969,59.95000076293945,59.98099899291992,42703000
2024-03-04,173.21170043945312,174.9922768844708,171.91581500377694,174.25036500096815,81510100,177.5800018310547,180.13999938964844,177.49000549316406,177.52999877929688,37381500,61.58300018310547,62.44200134277344,61.507999420166016,62.15599822998047,30203000
2024-03-05,168.28541564941406,170.18470849670402,167.79080766540406,168.91851326517738,95132400,174.1199951171875,176.92999267578125,173.3000030517578,176.92999267578125,37228300,59.849998474121094,61.090999603271484,59.20000076293945,61.0099983215332,38496000
2024-03-06,167.2961883544922,169.39333632878757,166.86093094295472,169.21526961759642,68587700,173.50999450683594,176.4600067138672,173.25999450683594,175.5399932861328,32090900,59.76900100708008,60.792999267578125,59.35599899291992,60.29899978637695,24696000
2024-03-07,167.17747497558594,168.88881413208614,166.67298033709926,167.32585131213037,71765100,176.82000732421875,177.99000549316406,173.72000122070312,174.8300018310547,34063300,60.85100173950195,61.053001403808594,59.59000015258789,59.933998107910156,27428000
2024-03-08,168.88885498046875,171.8268279085278,167.118164861082,167.1775154100546,76267000,175.35000610351562,178.7899932861328,174.3300018310547,176.44000244140625,37893200,60.481998443603516,61.60900115966797,60.08399963378906,60.82699966430664,27772000
2024-03-11,170.88705444335938,172.49948126334272,170.1946063009313,171.07500788792643,60139500,171.9600067138672,174.47000122070312,171.47000122070312,174.30999755859375,28484800,60.09299850463867,61.099998474121094,60.0369987487793,60.80799865722656,25009000
2024-03-12,171.36184692382812,172.15322257397557,169.16578666443067,171.28270784938988,59825400,175.38999938964844,176.75999450683594,171.97999572753906,173.5,36610600,61.108001708984375,61.529998779296875,59.62699890136719,60.020999908447266,28216000
2024-03-13,169.28453063964844,171.3223130850131,168.91851047344855,170.90684419661972,52488700,176.55999755859375,177.6199951171875,175.5500030517578,175.89999389648438,30772600,60.94499969482422,61.48500061035156,60.72100067138672,61.33700180053711,21921000
2024-03-14,171.13436889648438,172.43023944819464,170.19461671040915,171.0453430786352,72913500,178.75,179.52999877929688,176.47000122070312,177.69000244140625,43705800,61.30099868774414,62.08000183105469,60.73500061035156,61.5,31205000
2024-03-15,170.75845336914062,170.75845336914062,168.45357838204507,169.3240932528417,121752700,174.4199981689453,177.92999267578125,173.89999389648438,176.63999938964844,72147400,60.5880012512207,62.29199981689453,60.38199996948242,62.29199981689453,66716000
2024-03-18,171.84657287597656,175.79354941833483,171.64873273149365,173.67662817447325,75604200,174.47999572753906,176.69000244140625,174.27999877929688,175.8000030517578,31250700,61.8390007019043,62.74100112915039,61.04499816894531,61.35599899291992,33442000
2024-03-19,174.18115234375,174.7054356079408,171.1640405724947,172.45991109697533,55215200,175.89999389648438,176.08999633789062,173.52000427246094,174.22000122070312,26880900,62.07400131225586,62.12799835205078,60.79999923706055,61.5620002746582,21426000
2024-03-20,176.7432098388672,176.7432098388672,173.2018149693641,173.82502584048726,53423100,178.14999389648438,178.52999877929688,174.63999938964844,176.13999938964844,29947200,62.76900100708008,62.95100021362305,61.83399963378906,61.994998931884766,26395000
2024-03-21,169.5219268798828,175.57593855649498,168.99764365136926,175.14068113790177,106181300,178.14999389648438,181.4199981689453,178.14999389648438,179.99000549316406,32824300,62.270999908447266,63.43600082397461,62.233001708984375,63.064998626708984,25077000
2024-03-22,170.422119140625,171.18381963278856,168.22605856941686,169.90772263085663,71160100,178.8699951171875,179.25999450683594,176.75,177.75,27995400,62.80099868774414,62.904998779296875,62.099998474121094,62.41600036621094,21357000
2024-03-25,169.00755310058594,170.085794876263,167.6226416976105,168.73057383883838,54288300,179.7100067138672,180.99000549316406,177.24000549316406,178.00999450683594,29815500,62.74599838256836,63.04600143432617,62.316001892089844,62.790000915527344,18033000
2024-03-26,167.87985229492188,169.57140318495337,167.75124938607289,168.16671829054096,57388400,178.3000030517578,180.4499969482422,177.9499969482422,180.14999389648438,29659000,62.92399978637695,63.43899917602539,61.917999267578125,62.52000045776367,28045000
2024-03-27,171.44097900390625,171.72786002382026,168.2754916266955,168.5722593701728,60273300,179.8300018310547,180.0,177.30999755859375,179.8800048828125,33272600,61.35300064086914,63.1349983215332,61.073001861572266,62.9010009765625,26283000
2024-03-28,169.63072204589844,170.37263389978352,168.67118150733492,169.89781453968297,65672700,180.3800048828125,181.6999969482422,179.25999450683594,180.1699981689453,38051600,60.733001708984375,61.5,60.159000396728516,61.499000549316406,37088000
2024-04-01,168.19639587402344,169.40324060587884,167.6523240532299,169.3438900607447,46240500,180.97000122070312,183.0,179.9499969482422,180.7899932861328,29174500,61.430999755859375,61.51100158691406,60.55699920654297,60.79999923706055,21159000
2024-04-02,167.0192108154297,167.51381877100314,166.41578850586058,167.25662806803024,49329500,180.69000244140625,180.7899932861328,178.3800048828125,179.07000732421875,32611500,61.42100143432617,61.50299835205078,60.55099868774414,61.099998474121094,20292000
2024-04-03,167.8204345703125,168.83932551618523,166.76198163858552,166.96970847922879,47691700,182.41000366210938,182.8699951171875,179.8000030517578,179.89999389648438,31046600,63.007999420166016,63.04100036621094,61.150001525878906,61.275001525878906,29312000
2024-04-04,166.99945068359375,170.0660111961713,166.99945068359375,168.45358430225178,53704400,180.0,185.10000610351562,180.0,184.0,41624300,61.7140007019043,63.79999923706055,61.65800094604492,63.32099914550781,30643000
2024-04-05,167.75120544433594,168.5524677712254,167.12799470376228,167.76109216771988,42104800,185.07000732421875,186.27000427246094,181.97000122070312,182.3800048828125,42374000,63.61800003051758,63.79100036621094,62.270999908447266,62.492000579833984,33788000
2024-04-08,166.63343811035156,167.37535013675048,166.4257111957336,167.2071852220754,37425500,185.19000244140625,187.2899932861328,184.80999755859375,186.89999389648438,39221300,62.840999603271484,63.900001525878906,62.81100082397461,63.638999938964844,21457000
2024-04-09,167.8402557373047,168.2458378687617,166.53449863101693,166.88071513080217,42373800,185.6699981689453,187.33999633789062,184.1999969482422,187.24000549316406,36520100,61.81999969482422,63.19900131225586,61.5629997253418,63.19900131225586,21436000
2024-04-10,165.97064208984375,167.2665125006067,165.30786924976792,166.97964653177021,49709300,185.9499969482422,186.27000427246094,182.6699981689453,182.77000427246094,35879200,61.858001708984375,62.013999938964844,60.933998107910156,61.09700012207031,28062000
2024-04-11,173.15232849121094,173.56781241373886,166.34653399230652,166.52458559261675,91070300,189.0500030517578,189.77000427246094,185.50999450683594,186.74000549316406,40020700,62.87799835205078,63.16600036621094,61.7239990234375,62.44200134277344,26627000
2024-04-12,174.6460723876953,176.43655077441642,172.33131077483722,172.38075949507746,101670900,186.1300048828125,188.3800048828125,185.0800018310547,187.72000122070312,38608800,62.28300094604492,63.3120002746582,61.891998291015625,62.823001861572266,29593000
2024-04-15,170.82766723632812,174.72517963690404,170.63971383210225,173.46887143042125,73531800,183.6199951171875,188.69000244140625,183.0,187.42999267578125,48052400,60.71500015258789,63.016998291015625,60.387001037597656,63.016998291015625,30854000
2024-04-16,167.5533905029297,171.88614579113815,166.45536027289515,169.8978273072319,73711200,183.32000732421875,184.8300018310547,182.25999450683594,183.27000427246094,32891300,61.75199890136719,62.244998931884766,60.75,60.75,35191000
2024-04-17,166.18826293945312,168.80967890645843,166.18826293945312,167.780901063059,50901200,181.27999877929688,184.57000732421875,179.82000732421875,184.30999755859375,31359700,61.36899948120117,62.09700012207031,60.770999908447266,62.09700012207031,33122000
2024-04-18,165.23863220214844,166.8213838226369,164.7539260277304,166.21796146542746,43122900,179.22000122070312,182.38999938964844,178.64999389648438,181.47000122070312,30723800,61.055999755859375,62.132999420166016,60.542999267578125,61.209999084472656,84684000
2024-04-19,163.2206268310547,164.60552308162337,162.31054999578998,164.41758473594675,68149400,174.6300048828125,179.0,173.44000244140625,178.74000549316406,56000700,55.50400161743164,57.900001525878906,55.215999603271484,56.78799819946289,164497000
2024-04-22,164.0515594482422,165.45624419964858,162.99310629576294,163.73501821268977,48116400,177.22999572753906,178.8699951171875,174.55999755859375,176.94000244140625,37924900,55.459999084472656,55.861000061035156,54.20100021362305,55.066001892089844,85977000
2024-04-23,165.10011291503906,165.24850434331734,163.1414698344962,163.5668404824781,49537800,179.5399932861328,179.92999267578125,175.97999572753906,178.0800018310547,37046500,57.775001525878906,57.92100143432617,55.52799987792969,55.64899826049805,49755000
2024-04-24,167.19729614257812,167.47427542099652,164.4176015378687,164.74402954196006,48251800,176.58999633789062,180.32000732421875,176.17999267578125,179.94000244140625,34185100,55.512001037597656,57.691001892089844,55.130001068115234,57.430999755859375,53553000
2024-04-25,168.05789184570312,168.77012851479734,166.33665071301928,167.70177351115603,50558300,173.6699981689453,173.9199981689453,166.32000732421875,169.67999267578125,49249400,56.47999954223633,56.65399932861328,54.57099914550781,54.94599914550781,38071000
2024-04-26,167.47427368164062,169.49226770262163,167.35555749623813,168.04802077933093,44838400,179.6199951171875,180.82000732421875,176.1300048828125,177.8000030517578,43919800,56.12300109863281,56.29199981689453,55.319000244140625,55.82099914550781,43326000
2024-04-29,171.6289520263672,174.1316669492416,171.2332717193323,171.50034913417457,68169400,180.9600067138672,183.52999877929688,179.38999938964844,182.75,54063900,55.94900131225586,55.9640007019043,55.42399978637695,55.917999267578125,25089000
2024-04-30,168.4931640625,173.1029142716877,168.1667209693098,171.46081207960546,65934800,175.0,182.99000549316406,174.8000030517578,181.08999633789062,94639800,55.06399917602539,56.0,54.9379997253418,56.0,33615000
2024-05-01,167.47427368164062,170.84750390177777,167.28632022447192,167.75125295718234,50383100,179.0,185.14999389648438,176.55999755859375,181.63999938964844,94645100,55.17100143432617,56.03900146484375,54.42499923706055,54.784000396728516,34732000
2024-05-02,171.1640167236328,171.5498103000238,169.04709541575278,170.64962025703286,94214900,184.72000122070312,185.10000610351562,179.91000366210938,180.85000610351562,54303500,56.51499938964844,56.54600143432617,55.558998107910156,55.60200119018555,30682000
2024-05-03,181.4024200439453,184.98337684032407,180.69018337477516,184.637145231003,163224100,186.2100067138672,187.8699951171875,185.4199981689453,186.99000549316406,39172000,57.933998107910156,58.0260009765625,56.51599884033203,56.599998474121094,33075000
2024-05-06,179.75042724609375,182.21356516877455,178.47433028646978,180.38352481626606,78569700,188.6999969482422,188.75,184.8000030517578,186.27999877929688,34725300,59.696998596191406,59.73400115966797,58.025001525878906,58.18199920654297,36863000
2024-05-07,180.43295288085938,182.90599233972114,179.3646131175579,181.47163247242833,77305800,188.75999450683594,189.94000244140625,187.30999755859375,188.9199981689453,34048900,60.599998474121094,60.60499954223633,59.13199996948242,59.62799835205078,36141000
2024-05-08,180.76930236816406,181.09574539643793,179.49320552179933,180.878116710922,45057100,188.0,188.42999267578125,186.38999938964844,187.44000244140625,26136400,60.946998596191406,61.821998596191406,60.16299819946289,60.16299819946289,30939000
2024-05-09,182.57960510253906,182.6686309202814,180.1461270912472,180.59127127419717,48983000,189.5,191.6999969482422,187.44000244140625,188.8800048828125,43368400,61.20899963378906,61.571998596191406,60.57500076293945,61.439998626708984,20654000
2024-05-10,181.32156372070312,183.34229448527321,180.4102525825865,183.1540861312051,50759500,187.47999572753906,189.88999938964844,186.92999267578125,189.16000366210938,34141800,61.08700180053711,62.39799880981445,60.50600051879883,61.900001525878906,26536000
2024-05-13,184.52108764648438,185.33335221774516,182.8767582325011,183.68902280376187,72044800,186.57000732421875,188.30999755859375,185.36000061035156,188.0,24898600,61.659000396728516,61.821998596191406,60.68299865722656,61.43000030517578,20862000
2024-05-14,185.6602020263672,186.52199740854093,184.53096697721375,185.73944844741243,52393600,187.07000732421875,187.72000122070312,183.4499969482422,183.82000732421875,38698200,61.36600112915039,62.14799880981445,60.84000015258789,61.516998291015625,27924000
2024-05-15,187.92860412597656,188.84981551266446,185.60078753373725,186.13569714479723,70400000,185.99000549316406,186.72000122070312,182.72999572753906,185.97000122070312,75459900,61.35200119018555,62.40999984741211,60.90999984741211,61.856998443603516,56706000
2024-05-16,188.04745483398438,189.29556710780693,187.86916171755817,188.67151097089564,52845200,183.6300048828125,187.30999755859375,183.4600067138672,185.60000610351562,38834500,61.051998138427734,61.83399963378906,60.909000396728516,61.57500076293945,30564000
2024-05-17,188.07713317871094,189.00825957523062,187.39364613808664,187.72053190163334,41282900,184.6999969482422,185.3000030517578,183.35000610351562,183.75999450683594,33175700,62.11000061035156,62.57899856567383,61.47100067138672,61.70000076293945,37827000
2024-05-20,189.2361297607422,190.10782534306233,187.22529890901677,187.54228461702792,44361300,183.5399932861328,186.6699981689453,183.27999877929688,184.33999633789062,30511800,64.08200073242188,64.43699645996094,61.95199966430664,62.040000915527344,38579000
2024-05-21,190.5337677001953,190.91016932460286,189.11726241831752,189.28565540299905,42309400,183.14999389648438,183.25999450683594,180.75,182.3000030517578,50839100,65.06099700927734,65.08799743652344,63.422000885009766,63.67599868774414,29202000
2024-05-22,189.0974578857422,190.99934196064652,188.47341681604038,190.45453220558076,34648500,183.1300048828125,185.22000122070312,181.97000122070312,183.8800048828125,28148800,64.0469970703125,64.92500305175781,63.8120002746582,64.71399688720703,21762000
2024-05-23,185.1154327392578,189.19652573516206,184.86779330766728,189.1767103485156,51005900,181.0500030517578,184.75999450683594,180.0800018310547,183.66000366210938,33670200,63.56700134277344,64.27100372314453,63.0,64.23400115966797,23139000
2024-05-24,188.18612670898438,188.7804673088457,186.26444256610336,187.0370913918068,36327000,180.75,182.44000244140625,180.3000030517578,181.64999389648438,27471600,64.67500305175781,65.19999694824219,63.7599983215332,63.939998626708984,26153000
2024-05-28,188.196044921875,191.1776178733189,187.31444925751387,189.70168159973719,52280100,182.14999389648438,182.24000549316406,179.49000549316406,179.92999267578125,29927000,64.9000015258789,64.9749984741211,64.3030014038086,64.70500183105469,26095000
2024-05-29,188.4932098388672,190.43470949642946,187.72057607583483,187.81963788738682,53068000,182.02000427246094,184.0800018310547,181.5500030517578,181.6999969482422,32009300,65.46199798583984,66.42500305175781,64.38899993896484,64.41300201416016,36959000
2024-05-30,189.4837646484375,190.36536034504638,188.83000809203267,188.9587703074631,49889100,179.32000732421875,181.33999633789062,178.36000061035156,181.30999755859375,29184700,64.76599884033203,65.64900207519531,64.4729995727539,65.35199737548828,23889000
2024-05-31,190.43472290039062,190.7517086279001,188.11682144814546,189.6323735603605,75158300,176.44000244140625,179.2100067138672,173.8699951171875,178.3000030517578,58903900,64.16200256347656,64.85800170898438,62.83000183105469,64.4010009765625,40710000
2024-06-03,192.19789123535156,193.14883318833753,190.7021546904014,191.07855630297723,50080500,178.33999633789062,178.6999969482422,175.9199981689453,177.6999969482422,30786600,63.37900161743164,64.6780014038086,62.72700119018555,64.52200317382812,23235000
2024-06-04,192.514892578125,193.47573474401025,191.20734917579057,192.80214765697744,47471400,179.33999633789062,179.82000732421875,176.44000244140625,177.63999938964844,27198400,63.1619987487793,63.52299880981445,62.64400100708008,63.37799835205078,30082000
2024-06-05,194.0205078125,195.04078090785526,193.02995023528447,193.55494454203196,54156800,181.27999877929688,181.5,178.75,180.10000610351562,32116400,65.0270004272461,65.125,62.82500076293945,63.402000427246094,26826000
2024-06-06,192.64364624023438,194.64457691185422,192.33657578915964,193.8422276391208,41181800,185.0,185.0,181.49000549316406,181.75,31371200,64.85199737548828,65.79900360107422,64.42400360107422,64.48899841308594,24667000
2024-06-07,195.0308837890625,195.08041469163098,192.30685040959915,192.81202934049514,53103900,184.3000030517578,186.2899932861328,183.36000061035156,184.89999389648438,28021500,64.14700317382812,65.04000091552734,64.02400207519531,64.93800354003906,18766000
2024-06-10,191.29649353027344,195.43703247512377,190.33565137548777,195.04080033594326,97010200,187.05999755859375,187.22999572753906,183.7899932861328,184.07000732421875,34445600,64.44999694824219,64.47899627685547,63.558998107910156,64.10099792480469,20644000
2024-06-11,205.1940155029297,205.2039307530545,191.80168667352532,191.82148694435384,172373300,187.22999572753906,187.77000427246094,184.5399932861328,187.05999755859375,27265100,64.8550033569336,65.01899719238281,64.052001953125,64.0719985961914,21674000
2024-06-12,211.05810546875,218.12077055688877,204.94635205432962,205.4119153142898,198134300,186.88999938964844,188.35000610351562,185.42999267578125,188.02000427246094,33984200,65.00599670410156,65.5780029296875,64.31099700927734,65.22100067138672,20944000
2024-06-13,212.21705627441406,214.7033502990969,209.60198493072278,212.71233505249734,97862700,183.8300018310547,187.6699981689453,182.6699981689453,186.08999633789062,39721500,65.32599639892578,65.5250015258789,64.23500061035156,64.4000015258789,18636000
2024-06-14,210.4835968017578,213.13828400218216,209.3048308005582,211.83075578674166,70122700,183.66000366210938,183.72000122070312,182.22999572753906,183.0800018310547,25456400,66.93800354003906,67.55799865722656,65.26399993896484,65.50499725341797,44471000
2024-06-17,214.62411499023438,216.88258512602053,210.71141546378874,211.35527186274084,93728300,184.05999755859375,185.0,181.22000122070312,182.52000427246094,35601900,67.58300018310547,68.27100372314453,66.51100158691406,66.91100311279297,36312000
2024-06-18,212.26658630371094,216.5656178731208,210.98877362098574,215.5354294813442,79943300,182.80999755859375,184.2899932861328,181.42999267578125,183.74000549316406,36659200,68.56700134277344,68.70600128173828,67.46399688720703,67.56300354003906,29438000
2024-06-20,207.7001190185547,212.2170745602359,206.87796947703916,211.90998899500866,86172500,186.10000610351562,186.50999450683594,182.72000122070312,182.91000366210938,44726800,67.90299987792969,68.98799896240234,67.37200164794922,68.18000030517578,25851000
2024-06-21,205.5308074951172,209.88925500861833,205.1543907600995,208.40341856791886,241805100,189.0800018310547,189.27999877929688,185.86000061035156,187.8000030517578,70792500,68.61199951171875,68.69000244140625,67.80999755859375,68.32599639892578,45064000
2024-06-24,206.17465209960938,210.69159220230495,204.63928484253907,205.75861973380415,80727000,185.57000732421875,191.0,185.3300018310547,189.3300018310547,50610400,66.9020004272461,68.55000305175781,66.44999694824219,68.5,39163000
2024-06-25,207.0959014892578,209.3840873125504,206.64023830581658,207.1751328027417,55549700,186.33999633789062,188.83999633789062,185.4199981689453,186.80999755859375,45366400,67.24099731445312,67.36699676513672,66.2300033569336,67.34400177001953,22706000
2024-06-26,211.23641967773438,212.83121810497767,208.6510635966682,209.5029437835443,66213200,193.61000061035156,194.8000030517578,186.25999450683594,186.9199981689453,65103900,67.76899719238281,68.2959976196289,67.00199890136719,67.24099731445312,35458000
2024-06-27,212.07839965820312,213.70291360533915,210.34492376459474,212.66282504623206,49772700,197.85000610351562,199.83999633789062,194.1999969482422,195.00999450683594,74397500,68.43399810791016,68.85700225830078,67.81400299072266,67.93499755859375,24048000
2024-06-28,208.63124084472656,214.0297919592074,208.31427026634478,213.7326216506115,82542700,193.25,198.85000610351562,192.5,197.72999572753906,76930200,67.48799896240234,68.69999694824219,67.30799865722656,67.9000015258789,34124000
2024-07-01,214.70335388183594,215.45617219578955,209.91895899194967,210.08735196554287,60402900,197.1999969482422,198.3000030517578,192.82000732421875,193.49000549316406,41192000,67.36100006103516,67.50199890136719,66.37799835205078,67.48899841308594,22128000
2024-07-02,218.19012451171875,218.29908645117231,213.0689435868198,214.1090169642201,58046200,200.0,200.42999267578125,195.92999267578125,197.27999877929688,45600000,67.95800018310547,68.17400360107422,67.00700378417969,67.35399627685547,24114000
2024-07-03,219.45806884765625,219.45806884765625,216.96185912748342,217.92270133801432,37369800,197.58999633789062,200.02999877929688,196.75999450683594,199.94000244140625,31597900,68.2509994506836,68.375,67.55000305175781,67.74800109863281,14035000
2024-07-05,224.20281982421875,224.3117817727132,219.55710192478037,219.55710192478037,60412400,200.0,200.5500030517578,198.1699981689453,198.64999389648438,39858900,69.06500244140625,69.7490005493164,67.7229995727539,68.2509994506836,26591000
2024-07-08,225.6688232421875,225.69853875884533,221.14196808500662,224.9457053642915,59085900,199.2899932861328,201.1999969482422,197.9600067138672,200.0399932861328,34767300,68.5739974975586,68.88600158691406,68.14900207519531,68.69999694824219,19308000
2024-07-09,226.52072143554688,227.23392416937492,224.23253562897796,225.77780318070188,48076100,199.33999633789062,200.57000732421875,199.0500030517578,199.39999389648438,32700100,68.5739974975586,69.5270004272461,68.47200012207031,69.0,25961000
2024-07-10,230.78012084960938,230.87918266211804,227.08534498663496,227.1348758928893,62627700,199.7899932861328,200.11000061035156,197.69000244140625,200.0,32883800,67.76499938964844,68.72200012207031,67.31600189208984,68.50199890136719,26519000
2024-07-11,225.4212188720703,230.19569903805672,223.63821202212716,229.2051413563895,64710600,195.0500030517578,200.27000427246094,192.86000061035156,200.08999633789062,44565000,65.2750015258789,67.2490005493164,64.74400329589844,67.2490005493164,51066000
2024-07-12,228.3631591796875,230.44333633793113,226.52072130415218,226.75846058686048,53046500,194.49000549316406,196.47000122070312,193.8300018310547,194.8000030517578,30598500,64.76000213623047,65.59200286865234,64.37100219726562,65.2750015258789,33552000
2024-07-15,232.1867218017578,234.99000194235262,230.88909361652622,234.2470836578572,62631300,192.72000122070312,196.19000244140625,190.8300018310547,194.55999755859375,40683200,65.6449966430664,66.75399780273438,64.66300201416016,64.75,32088000
2024-07-16,232.60275268554688,234.03905824310993,230.1362587163494,232.781045805997,43234300,193.02000427246094,196.6199951171875,192.24000549316406,195.58999633789062,33994700,65.63200378417969,66.36799621582031,64.91300201416016,66.18000030517578,26857000
2024-07-17,226.71884155273438,229.2744821236097,224.49998695797876,227.2834515580279,57345900,187.92999267578125,191.5800018310547,185.99000549316406,191.35000610351562,48076100,64.74600219726562,65.04499816894531,63.946998596191406,65.0,40173000
2024-07-18,222.06320190429688,228.26410233218343,220.17124832102243,228.10560948409145,66034600,183.75,189.67999267578125,181.4499969482422,189.58999633789062,51043600,64.30400085449219,65.7040023803711,63.91699981689453,65.66000366210938,75758000
2024-07-19,222.19198608398438,224.65848009632384,221.1717129043359,222.6971801635164,49151500,183.1300048828125,184.92999267578125,180.11000061035156,181.13999938964844,43081800,63.33399963378906,67.89700317382812,62.9119987487793,66.06400299072266,98156000
2024-07-22,221.8452911376953,225.62921338494564,220.98349573063444,224.86647978572938,48201800,182.5500030517578,185.05999755859375,182.47999572753906,185.0,39931900,64.75,65.62899780273438,63.2599983215332,63.95000076293945,52191000
2024-07-23,222.8853759765625,224.7971601400939,220.57737479075328,222.25141967209163,39960300,186.41000366210938,189.38999938964844,183.55999755859375,184.10000610351562,47537700,64.2760009765625,64.99099731445312,64.0999984741211,64.75,24636000
2024-07-24,216.47647094726562,222.67737176080064,215.07979609138368,221.88492258576645,61777600,180.8300018310547,185.4499969482422,180.41000366210938,183.1999969482422,41532400,63.5989990234375,65.24199676513672,63.266998291015625,63.57400131225586,48882000
2024-07-25,215.43638610839844,218.76466037633443,212.59347540961954,216.86277641061952,51391200,179.85000610351562,183.89999389648438,176.8000030517578,182.91000366210938,44464200,63.409000396728516,64.99800109863281,62.16999816894531,64.0999984741211,45545000
2024-07-26,215.9019317626953,217.4174836156479,213.97033243488113,216.63493468142264,41601300,182.5,183.19000244140625,180.24000549316406,180.38999938964844,29506000,63.137001037597656,64.6989974975586,62.97700119018555,64.5,31207000
2024-07-29,216.17926025390625,217.22924871761586,213.71276679720026,214.91134794512027,36311800,183.1999969482422,184.75,182.3800048828125,183.83999633789062,33270100,62.69599914550781,63.46099853515625,62.393001556396484,63.46099853515625,24005000
2024-07-30,216.7340087890625,218.24956072806748,214.07930652606245,217.1203256536185,41643800,181.7100067138672,185.86000061035156,179.3800048828125,184.72000122070312,39508600,62.257999420166016,63.46900177001953,61.70000076293945,63.016998291015625,34966000
2024-07-31,219.98304748535156,221.70662325926872,218.54674189777583,219.34909118598728,50036300,186.97999572753906,187.94000244140625,184.4600067138672,185.0500030517578,41667300,62.834999084472656,63.36000061035156,62.257999420166016,62.65700149536133,31349000
2024-08-01,216.29818725585938,222.36039574716864,214.97084352071977,222.2514337919132,62501000,184.07000732421875,190.60000610351562,181.8699951171875,189.2899932861328,70435600,62.48500061035156,64.6709976196289,61.76100158691406,62.92499923706055,37206000
2024-08-02,217.7839813232422,223.4697870434651,215.6542886583774,217.08067881945357,105568600,167.89999389648438,168.77000427246094,160.5500030517578,166.75,141448400,61.36399841308594,62.527000427246094,60.834999084472656,62.097999572753906,35230000
2024-08-05,207.29400634765625,211.4840610296135,194.14930192882554,197.21012147966275,119548600,161.02000427246094,162.9600067138672,151.61000061035156,154.2100067138672,83149400,59.85499954223633,60.45600128173828,58.70399856567383,58.70399856567383,40442000
2024-08-06,205.27325439453125,208.00720313955475,199.17143085232243,203.36148541473497,69660500,161.92999267578125,165.0800018310547,158.5399932861328,161.7100067138672,59950800,60.957000732421875,62.244998931884766,60.0620002746582,60.0620002746582,43191000
2024-08-07,207.8388214111328,211.62274392073394,204.4412006806638,204.94637966039352,63516400,162.77000427246094,167.5800018310547,161.42999267578125,166.5500030517578,48408200,61.14799880981445,63.20000076293945,61.06399917602539,61.606998443603516,31878000
2024-08-08,211.29583740234375,212.1774330540979,206.85814362500793,211.0977289070064,47161100,165.8000030517578,166.69000244140625,162.5500030517578,165.1699981689453,44616200,63.03499984741211,63.229000091552734,61.60200119018555,62.19900131225586,32835000
2024-08-09,214.1981964111328,214.7330909034816,209.96851092003678,210.09728825409005,42201600,166.94000244140625,168.5500030517578,165.85000610351562,166.39999389648438,36401000,63.39400100708008,63.6619987487793,62.29899978637695,62.29899978637695,19808000
2024-08-12,215.72540283203125,217.6889728146819,213.81142108338884,214.27752324509848,38028100,166.8000030517578,168.5500030517578,166.11000061035156,168.13999938964844,30072800,63.31399917602539,63.900001525878906,62.707000732421875,63.099998474121094,23317000
2024-08-13,219.4344024658203,220.04925425523973,217.19314118814535,217.19314118814535,44155300,170.22999572753906,171.0399932861328,167.10000610351562,167.80999755859375,39237900,64.802001953125,65.09700012207031,63.54999923706055,63.85599899291992,26396000
2024-08-14,219.88064575195312,221.1797757696837,217.87739912826086,218.7401920302427,41960600,170.10000610351562,172.27999877929688,168.86000061035156,172.11000061035156,28843800,66.16799926757812,66.35700225830078,64.87000274658203,64.87000274658203,40143000
2024-08-15,222.8557586669922,223.48053712623224,220.9120118672479,222.7367590108339,46414000,177.58999633789062,177.91000366210938,173.99000549316406,174.86000061035156,51698500,66.3219985961914,67.31900024414062,65.9800033569336,66.8489990234375,32102000
2024-08-16,224.1747283935547,224.94825642777528,221.79462933024135,222.06239369045758,44340200,177.05999755859375,178.33999633789062,176.25999450683594,177.0399932861328,31489200,67.40699768066406,68.02300262451172,66.53600311279297,66.94300079345703,35110000
2024-08-19,224.0160675048828,224.115243980586,221.18970440160442,223.84747960195193,40687800,178.22000122070312,178.3000030517578,176.16000366210938,177.63999938964844,31129800,68.85299682617188,68.88400268554688,67.29100036621094,67.40699768066406,30162000
2024-08-20,224.6309356689453,225.2854641390349,223.57973153152028,223.89708417115403,30299000,178.8800048828125,179.00999450683594,177.42999267578125,177.9199981689453,26255200,69.85399627685547,71.13300323486328,68.82499694824219,68.88600158691406,48131000
2024-08-21,224.52182006835938,226.08871448701353,223.1830285060583,224.64083485973637,34765500,180.11000061035156,182.38999938964844,178.88999938964844,179.9199981689453,35599100,69.71199798583984,70.0999984741211,69.13800048828125,69.69999694824219,22353000
2024-08-22,222.6673583984375,226.44574924370923,222.04257986640772,225.90030886909642,43695300,176.1300048828125,181.47000122070312,175.67999267578125,181.3800048828125,32047500,68.89600372314453,70.1500015258789,68.6240005493164,69.0999984741211,27294000
2024-08-23,224.9581756591797,226.32673228874265,222.46900358067504,223.78797197411373,38677300,177.0399932861328,178.97000122070312,175.24000549316406,177.33999633789062,29150100,68.6729965209961,69.60700225830078,67.86299896240234,69.41300201416016,23545000
2024-08-26,225.2953643798828,225.39454085782168,222.0326640536948,224.87885041051024,30602200,175.5,177.47000122070312,174.3000030517578,176.6999969482422,22366200,68.84400177001953,69.05899810791016,68.16400146484375,68.72599792480469,13542000
2024-08-27,226.13832092285156,226.95152567852384,223.02437015551794,224.1251624880706,35934600,173.1199951171875,174.88999938964844,172.25,174.14999389648438,29842000,69.5719985961914,70.78900146484375,68.69200134277344,68.85299682617188,31649000
2024-08-28,224.611083984375,227.95312221094204,223.80779089178384,226.02921369079436,38052200,170.8000030517578,173.69000244140625,168.9199981689453,173.69000244140625,29045000,68.38400268554688,69.66699981689453,67.70999908447266,69.58300018310547,24306000
2024-08-29,227.88369750976562,230.98773644426686,226.98125820388418,228.19113851748892,51906300,172.1199951171875,174.2899932861328,170.80999755859375,173.22000122070312,26407800,69.24800109863281,69.9800033569336,68.60700225830078,69.0,21870000
2024-08-30,227.1002655029297,228.4886453526855,225.59287085733376,228.28039594132485,52990800,178.5,178.89999389648438,172.60000610351562,172.77999877929688,43429400,70.13500213623047,70.18599700927734,68.81600189208984,70.03600311279297,32667000
2024-09-03,220.92196655273438,227.1002799762046,219.33523365285652,226.65401607692846,50190600,176.25,178.25999450683594,175.25999450683594,177.5500030517578,37817500,67.53199768066406,70.38600158691406,67.10099792480469,70.01000213623047,31610000
2024-09-04,219.01788330078125,219.94016096302124,215.67582978550038,219.82116129878526,43840200,173.3300018310547,175.97999572753906,172.5399932861328,174.47999572753906,30309200,67.96800231933594,68.46499633789062,67.30599975585938,67.33100128173828,17853000
2024-09-05,220.53518676757812,223.60946073514918,219.6823205428289,219.79140861107143,36615400,177.88999938964844,179.8800048828125,175.0,175.0,40170500,68.36199951171875,68.73100280761719,67.18599700927734,67.31400299072266,18101000
2024-09-06,218.98812866210938,223.37145940933704,217.94683622588397,222.09215251756703,48423000,171.38999938964844,178.3800048828125,171.16000366210938,177.24000549316406,41466500,66.5770034790039,68.31500244140625,66.23400115966797,68.18599700927734,29913000
2024-09-09,219.07737731933594,219.4343914347755,214.91222272734436,218.98812757352732,67180000,175.39999389648438,175.85000610351562,173.50999450683594,174.52999877929688,29037400,67.54199981689453,68.3499984741211,67.21399688720703,67.4000015258789,26831000
2024-09-10,218.2840118408203,219.6426417511051,214.9320468059923,217.10388142289187,51591000,179.5500030517578,180.5,176.7899932861328,177.49000549316406,36233800,67.36199951171875,68.05899810791016,66.58100128173828,67.68699645996094,20792000
2024-09-11,220.8128662109375,221.2392917639212,216.08243282408242,219.6228241682371,44587100,184.52000427246094,184.99000549316406,175.72999572753906,180.10000610351562,42564700,68.14700317382812,68.2969970703125,66.08000183105469,67.74600219726562,23919000
2024-09-12,220.92196655273438,221.6954946800681,217.99644195502805,220.65420216028613,37455600,187.0,187.41000366210938,183.5399932861328,184.8000030517578,33544200,68.68000030517578,69.48799896240234,68.22000122070312,68.49199676513672,25821000
2024-09-13,220.6541748046875,222.18139254741286,220.06907298412548,221.72521710949164,36766600,186.49000549316406,188.5,185.91000366210938,187.0,26495400,69.70600128173828,69.96399688720703,68.0,68.0009994506836,22765000
2024-09-16,214.52545166015625,215.41797935337752,212.14535259122513,214.7436126542421,59357400,184.88999938964844,185.80999755859375,183.36000061035156,185.2899932861328,26065500,69.6500015258789,70.302001953125,68.86299896240234,70.0,18437000
2024-09-17,214.9915313720703,215.10061943149995,212.7205355758407,213.96016573653907,45519300,186.8800048828125,189.4499969482422,186.13999938964844,186.85000610351562,26091700,70.69100189208984,70.76300048828125,69.83699798583984,70.08200073242188,22986000
2024-09-18,218.8592071533203,220.86245391858552,215.7353297749969,215.7452565018275,59894900,186.42999267578125,188.8000030517578,185.05999755859375,186.4499969482422,34448100,69.0469970703125,70.75499725341797,68.80000305175781,70.75499725341797,29844000
2024-09-19,226.97134399414062,227.91347512552952,222.76652771175563,223.12354184254357,66781300,189.8699951171875,190.99000549316406,188.47000122070312,190.0399932861328,39543200,70.43199920654297,71.56600189208984,69.53700256347656,70.5,42285000
2024-09-20,226.30690002441406,231.15633305592988,225.7317097608303,228.06222073119503,318679900,191.60000610351562,191.83999633789062,187.41000366210938,190.22999572753906,100378600,70.10299682617188,70.66699981689453,69.63099670410156,70.55500030517578,39981000
2024-09-23,224.5912628173828,227.54653724680347,223.93673438033483,225.45404067299683,54146000,193.8800048828125,194.4499969482422,190.57000732421875,191.63999938964844,36993100,70.53700256347656,71.2249984741211,69.91600036621094,70.23899841308594,32243000
2024-09-24,225.48377990722656,227.44736512534206,223.85738561877668,226.75316007712865,43556100,193.9600067138672,195.3699951171875,190.1300048828125,194.27000427246094,43478900,72.22599792480469,72.24400329589844,70.44499969482422,70.66300201416016,35657000
2024-09-25,224.4920654296875,225.40443143928672,222.16156973744518,223.06400902085235,42308700,192.52999877929688,193.9499969482422,192.16000366210938,193.75,26391100,72.15599822998047,72.51200103759766,71.62100219726562,72.0999984741211,22598000
2024-09-26,225.63255310058594,226.60441901953834,223.54005654723983,225.4143769570366,36636700,191.16000366210938,194.52999877929688,189.5399932861328,194.30999755859375,36334900,71.14299774169922,72.5260009765625,70.1719970703125,72.4729995727539,28330000
2024-09-27,225.90028381347656,227.61594290444046,225.41435845997736,226.56473891662026,34026000,187.97000122070312,190.89999389648438,187.33999633789062,190.67999267578125,36002300,70.73500061035156,71.07099914550781,70.125,70.83599853515625,23956000
2024-09-30,231.06707763671875,231.06707763671875,227.74486252768645,228.13162655878588,54541900,186.3300018310547,188.49000549316406,184.64999389648438,187.13999938964844,41583900,70.927001953125,71.12100219726562,70.28199768066406,70.69999694824219,17099000
2024-10-01,224.33340454101562,227.74485413807125,221.88389405688537,227.615942887257,63285000,185.1300048828125,186.19000244140625,183.4499969482422,184.89999389648438,36044900,70.61299896240234,71.7760009765625,69.85900115966797,71.36399841308594,28135000
2024-10-02,224.898681640625,225.48378349827837,221.16987922367838,224.0160654907427,32880600,184.75999450683594,186.60000610351562,184.0399932861328,184.44000244140625,23704100,71.10900115966797,71.62100219726562,70.46900177001953,70.61299896240234,17582000
2024-10-03,223.79788208007812,224.928424248049,221.46738631978812,223.27228007150777,34044200,181.9600067138672,183.44000244140625,180.8800048828125,183.0500030517578,30204300,70.68000030517578,70.88099670410156,70.0,70.4260025024414,22564000
2024-10-04,224.9185028076172,226.1085447535635,222.27065455992025,226.00936828631617,37245100,186.50999450683594,187.60000610351562,183.60000610351562,185.75,40890300,71.97000122070312,72.10099792480469,70.88200378417969,71.33200073242188,22290000
2024-10-07,219.8509063720703,223.81772316941647,219.49389225502094,222.63759275105315,39505400,180.8000030517578,183.60000610351562,180.25,182.9499969482422,42364200,70.19200134277344,71.58799743652344,69.64299774169922,71.47599792480469,33605000
2024-10-08,223.89706420898438,224.10531361949606,221.3979653574062,222.43925780658088,31855700,182.72000122070312,183.08999633789062,180.9199981689453,181.9199981689453,26372100,72.1760025024414,72.50599670410156,70.3550033569336,70.38800048828125,31874000
2024-10-09,227.63577270507812,227.84403724277382,222.96485445261254,223.36153007501719,33591100,185.1699981689453,185.85000610351562,182.0500030517578,182.82000732421875,26343100,72.74299621582031,72.85900115966797,71.88700103759766,71.92500305175781,19811000
2024-10-10,227.13992309570312,227.59611368544336,225.28544108575701,225.89038125247495,28183500,186.64999389648438,188.1300048828125,185.8300018310547,187.1300048828125,27785000,73.02899932861328,73.38500213623047,72.25,72.3290023803711,27679000
2024-10-11,225.66229248046875,227.5068628874906,225.4540279414576,227.39777482080956,31759200,188.82000732421875,189.92999267578125,186.3000030517578,186.6300048828125,25751600,72.27899932861328,73.5999984741211,72.12200164794922,73.48999786376953,22995000
2024-10-14,229.3811798095703,229.8076053434174,226.70358155060512,226.80274288926017,39882100,187.5399932861328,189.8300018310547,187.36000061035156,189.77999877929688,22614400,71.30000305175781,72.66200256347656,71.13099670410156,72.5,27971000
2024-10-15,231.9100341796875,235.51983687729248,230.44230106244424,231.67201972311165,64751400,187.69000244140625,188.41000366210938,184.5800018310547,187.6300048828125,32178900,70.5979995727539,71.33999633789062,69.97799682617188,71.2509994506836,29328000
2024-10-16,229.85719299316406,230.19436878170097,227.93328446814013,229.67869350471682,34082200,186.88999938964844,187.77999877929688,185.61000061035156,187.0500030517578,23456800,70.19999694824219,70.55899810791016,69.78199768066406,70.34300231933594,24943000
2024-10-17,230.22410583496094,231.91001494787182,228.6076384062416,231.4934859003546,32993800,187.52999877929688,188.94000244140625,186.0,188.22000122070312,25039400,68.76499938964844,70.44100189208984,67.78800201416016,70.43499755859375,89267000
2024-10-18,233.05047607421875,234.2206797118992,232.0686835146529,234.2206797118992,46431500,188.99000549316406,190.74000549316406,186.27999877929688,187.14999389648438,37417700,76.38899993896484,76.62799835205078,73.62300109863281,73.76399993896484,159741000
2024-10-21,234.51821899414062,234.8851598599691,232.5050605584077,232.5050605584077,36254500,189.07000732421875,189.4600067138672,186.39999389648438,188.0500030517578,24639400,77.20700073242188,77.30000305175781,75.66000366210938,76.57599639892578,60571000
2024-10-22,233.9033660888672,234.2603802258017,230.67041566655348,231.94970749678197,38846600,189.6999969482422,191.52000427246094,186.97999572753906,188.35000610351562,29650600,76.42400360107422,76.97000122070312,76.11199951171875,76.5270004272461,29873000
2024-10-23,228.84564208984375,233.18931106897517,225.87052966736016,232.1381071008503,52287000,184.7100067138672,189.16000366210938,183.69000244140625,188.85000610351562,31937100,74.92900085449219,76.37899780273438,74.4260025024414,76.28299713134766,37490000
2024-10-24,228.65724182128906,228.90516786821388,226.51515714412935,228.07212485007065,31109500,186.3800048828125,187.11000061035156,183.86000061035156,185.25,21647400,75.45500183105469,75.58200073242188,74.625,75.1969985961914,26430000
2024-10-25,229.49026489257812,231.28524701350278,227.665532857223,227.83412074973037,38802300,187.8300018310547,190.4499969482422,187.52999877929688,187.85000610351562,29362100,75.46800231933594,76.8499984741211,75.35299682617188,75.61699676513672,28195000
2024-10-28,231.46372985839844,232.78269812140084,230.620790456467,231.38440684709022,36087100,188.38999938964844,190.2100067138672,188.2100067138672,189.57000732421875,27930800,74.91200256347656,75.86799621582031,74.78800201416016,75.86799621582031,28624000
2024-10-29,231.73150634765625,232.38603471678388,230.39271482775456,231.1662428522856,35417200,190.8300018310547,191.4600067138672,187.82000732421875,188.5800018310547,35690200,75.94400024414062,76.38800048828125,74.8010025024414,75.11299896240234,36604000
2024-10-30,228.19114685058594,231.53318522639518,227.64570650368097,230.68031899274527,47070900,192.72999572753906,195.61000061035156,192.4199981689453,194.6999969482422,37707600,75.3740005493164,75.97899627685547,75.22799682617188,75.80799865722656,17220000
2024-10-31,224.035888671875,227.92336713292326,223.5003599556127,227.43742665071557,64370100,186.39999389648438,190.60000610351562,185.22999572753906,190.50999450683594,75146800,75.60299682617188,76.0790023803711,75.2229995727539,75.39299774169922,30577000
2024-11-01,221.060791015625,223.4805517303345,218.44269248362247,219.13688241025088,65276700,197.92999267578125,200.5,197.02000427246094,199.0,99687800,75.61000061035156,76.37999725341797,74.7770004272461,75.3479995727539,29968000
2024-11-04,220.1682586669922,220.94178678396568,217.88735096075072,219.1567312107691,44944500,195.77999877929688,197.3300018310547,194.30999755859375,196.4499969482422,38492100,75.5510025024414,76.24800109863281,74.96900177001953,75.31400299072266,19022000
2024-11-05,221.59629821777344,222.09215031274817,219.3054639601429,219.9599923572388,28111300,199.5,199.82000732421875,195.99000549316406,196.0399932861328,30564800,76.39099884033203,76.75299835205078,75.62699890136719,75.73500061035156,22006000
2024-11-06,220.87237548828125,224.19459083458287,219.35506917081855,220.76328741365683,54561100,207.08999633789062,207.5500030517578,199.13999938964844,200.00999450683594,72292200,78.02100372314453,78.14900207519531,75.73799896240234,77.1500015258789,36908000
2024-11-07,225.59288024902344,225.9895710313294,222.70703236030374,222.7665321945981,42137700,210.0500030517578,212.25,207.19000244140625,207.44000244140625,52878400,79.65399932861328,79.8219985961914,77.99400329589844,78.13700103759766,32951000
2024-11-08,225.32481384277344,227.01256271730918,224.77877343219782,225.53329235935942,38328800,208.17999267578125,209.9600067138672,207.44000244140625,209.72000122070312,36075800,79.50399780273438,79.90599822998047,78.86499786376953,79.73600006103516,19106000
2024-11-11,222.61448669433594,224.07389700260043,219.90415975706793,223.3789433198207,42005600,206.83999633789062,209.64999389648438,205.58999633789062,208.5,35456000,80.54399871826172,80.68199920654297,79.55699920654297,79.58999633789062,23992000
2024-11-12,222.61448669433594,223.96468891324545,221.75075962779928,222.93218846295187,40398300,208.91000366210938,209.5399932861328,206.00999450683594,208.3699951171875,38942900,81.94999694824219,82.03700256347656,80.375,80.75,28141000
2024-11-13,223.49806213378906,225.01703765642938,221.15506473467502,222.39605879884869,48566200,214.10000610351562,215.08999633789062,209.13999938964844,209.39999389648438,46212900,83.0469970703125,83.6989974975586,82.05400085449219,82.26200103759766,27678000
2024-11-14,226.57571411132812,227.22102491001456,223.37891246327882,223.39877260828746,44923900,211.47999572753906,215.89999389648438,210.8800048828125,214.16000366210938,42620300,83.72599792480469,84.0999984741211,83.00199890136719,83.36699676513672,30382000
2024-11-15,223.37893676757812,225.28510187679902,222.65420045885568,224.76884409236825,47923700,202.61000061035156,207.33999633789062,199.61000061035156,206.75999450683594,86591100,82.39600372314453,83.2040023803711,81.64900207519531,83.2040023803711,36737000
2024-11-18,226.37718200683594,228.08479108540536,223.54770942404784,223.62713486361545,44633700,201.6999969482422,204.6699981689453,200.9499969482422,204.14999389648438,36409900,84.70500183105469,84.84500122070312,80.93299865722656,81.55000305175781,40812000
2024-11-19,226.6352996826172,228.50175961033486,225.02697621656037,225.34466282087314,36211800,204.61000061035156,205.3000030517578,198.77999877929688,199.3300018310547,31197900,87.13200378417969,87.4489974975586,83.91600036621094,83.9749984741211,38142000
2024-11-20,227.35012817382812,228.27342054954684,224.26253412411586,226.41689814964724,35169600,202.8800048828125,203.1300048828125,199.4499969482422,202.97999572753906,32769000,88.38500213623047,89.05999755859375,86.83999633789062,87.99800109863281,40938000
2024-11-21,226.8735809326172,228.50176458087773,224.0838286281757,227.230987838277,42108300,198.3800048828125,203.49000549316406,195.75,203.49000549316406,58800000,89.74800109863281,90.80000305175781,87.7239990234375,88.39299774169922,45113000
2024-11-22,228.21383666992188,229.05771868234922,226.4168797117104,226.4168797117104,38168300,197.1199951171875,199.25999450683594,196.75,198.25,31530800,89.77899932861328,90.5999984741211,89.30000305175781,89.5999984741211,32140000
2024-11-25,231.19223022460938,231.5694972757357,228.08479132337303,229.79240040372403,90152800,201.4499969482422,201.9499969482422,199.0,199.27999877929688,40685700,86.55899810791016,90.20500183105469,86.4219970703125,90.20500183105469,60142000
2024-11-26,233.366455078125,233.87279036398945,231.6489234928732,231.6489234928732,45986200,207.86000061035156,208.0,201.7899932861328,201.89999389648438,41673700,87.26000213623047,88.63600158691406,86.7249984741211,86.7490005493164,31383000
2024-11-27,233.23739624023438,233.99193037541463,232.125470334311,232.78071887838198,33498400,205.74000549316406,207.63999938964844,205.0500030517578,206.97999572753906,28061600,87.73400115966797,88.09500122070312,85.89099884033203,87.20600128173828,25782000
2024-11-29,235.62010192871094,236.0966394139658,232.28430923421996,233.11825362062933,28481400,207.88999938964844,208.1999969482422,204.58999633789062,205.8300018310547,24892400,88.68099975585938,89.24099731445312,87.66799926757812,88.21700286865234,20272000
2024-12-02,237.8638153076172,239.0551666028684,235.45133007089746,235.5605381566453,48137100,210.7100067138672,212.99000549316406,209.50999450683594,209.9600067138672,39523200,89.77400207519531,90.23400115966797,88.41200256347656,88.7509994506836,23890000
2024-12-03,240.90176391601562,241.01097200063165,237.17878168890522,238.08222901174219,38861000,213.44000244140625,214.02000427246094,209.64999389648438,210.30999755859375,32214800,90.21700286865234,90.26899719238281,88.8030014038086,89.43599700927734,24016000
2024-12-04,241.25918579101562,242.35126670496282,239.5118714775545,241.12019505186365,44383900,218.16000366210938,220.0,215.75,215.9600067138672,48745700,91.10600280761719,91.59700012207031,89.80500030517578,89.80500030517578,26896000
2024-12-05,241.28895568847656,242.77814859306412,240.38552350615552,242.2321233137982,40033900,220.5500030517578,222.14999389648438,217.3000030517578,218.02999877929688,41140200,91.78700256347656,92.69999694824219,91.11100006103516,91.78500366210938,28353000
2024-12-06,241.0903778076172,242.86748966267425,240.33585892461636,241.1598807416467,36870600,227.02999877929688,227.14999389648438,220.60000610351562,220.75,44178100,93.4739990234375,93.5270004272461,91.27100372314453,91.52300262451172,29554000
2024-12-09,244.97225952148438,245.45873471029222,240.0082826314847,240.08770807958732,44649200,226.08999633789062,230.0800018310547,225.6699981689453,227.2100067138672,46819400,91.36900329589844,93.02999877929688,90.25900268554688,92.80000305175781,33501000
2024-12-10,245.98487854003906,246.4217108653419,243.57237825215392,245.11121388943334,36914800,225.0399932861328,229.05999755859375,224.1999969482422,226.08999633789062,31199900,91.33499908447266,92.28800201416016,90.95800018310547,91.3759994506836,23886000
2024-12-11,244.714111328125,248.9930565140259,244.48575750906295,246.17352158557497,45205800,230.25999450683594,231.1999969482422,226.25999450683594,226.41000366210938,35385800,93.65599822998047,94.17500305175781,92.30799865722656,92.47100067138672,35017000
2024-12-12,246.1735382080078,246.94791735826738,243.90995090472455,245.11123992691697,32777500,228.97000122070312,231.08999633789062,227.6300048828125,229.8300018310547,28204100,92.55500030517578,93.40899658203125,92.26000213623047,93.33499908447266,24862000
2024-12-13,246.34228515625,247.49391610940148,244.46590277835176,246.0345210589055,33155300,227.4600067138672,230.1999969482422,225.86000061035156,228.39999389648438,28768100,91.88700103759766,92.55500030517578,90.96099853515625,91.68099975585938,24858000
2024-12-16,249.23130798339844,249.56886987487528,245.86573275817128,246.20329464964811,51694800,232.92999267578125,233.0,228.00999450683594,230.22999572753906,37552100,92.10800170898438,92.89399719238281,91.94999694824219,92.39399719238281,26749000
2024-12-17,251.6537322998047,252.0012166921119,247.98039295462073,248.2782345553336,51356400,231.14999389648438,232.72999572753906,227.85000610351562,232.38999938964844,35948100,91.91300201416016,92.84500122070312,91.64199829101562,92.15399932861328,24595000
2024-12-18,246.26287841796875,252.4479889260113,245.95511429725673,250.34326772719038,56774100,220.52000427246094,231.39999389648438,220.11000061035156,230.77000427246094,43281400,88.95500183105469,92.24400329589844,88.65599822998047,91.91300201416016,29382000
2024-12-19,247.99032592773438,250.184410158509,245.3097817058068,245.71683140567848,60882300,223.2899932861328,226.08999633789062,222.9199981689453,224.91000366210938,39918700,90.2040023803711,91.26200103759766,89.9000015258789,90.81800079345703,28155000
2024-12-20,252.656494140625,253.1628143156686,243.91989202858784,246.25295201238012,147495300,224.9199981689453,226.2100067138672,218.72999572753906,219.83999633789062,88279200,90.90499877929688,91.99199676513672,89.04900360107422,89.32099914550781,45305000
2024-12-23,253.43087768554688,253.80812962394884,251.62398284537375,252.93448000183187,40858800,225.05999755859375,226.8800048828125,223.89999389648438,225.00999450683594,28070000,91.1449966430664,91.5,89.91000366210938,91.34200286865234,23394000
2024-12-24,256.33978271484375,256.34969006633503,253.4507293352449,253.64930053302467,23234700,229.0500030517578,229.13999938964844,226.1300048828125,226.94000244140625,15007500,93.21199798583984,93.58499908447266,91.16999816894531,91.5,23203000
2024-12-26,257.1538391113281,258.2260750496306,255.77386933789322,256.32983230675023,27237100,227.0500030517578,228.5,226.6699981689453,228.5,16146700,92.41400146484375,93.04900360107422,91.52999877929688,92.83999633789062,23403000
2024-12-27,253.74855041503906,256.8361595932908,251.23677948504655,255.9724022209019,42355300,223.75,226.02999877929688,220.89999389648438,225.60000610351562,27367100,90.75499725341797,91.81300354003906,89.44999694824219,91.60099792480469,32262000
2024-12-30,250.38296508789062,251.67360197393796,248.9434149702759,250.4127477342041,35557500,221.3000030517578,223.0,218.42999267578125,220.05999755859375,28321200,90.04299926757812,90.822998046875,88.97100067138672,89.45099639892578,22030000
2024-12-31,248.6157989501953,251.4551941340452,247.63292614272083,250.6212497119267,39480700,219.38999938964844,223.22999572753906,218.94000244140625,222.97000122070312,24819700,89.13200378417969,90.26799774169922,88.9469985961914,90.18000030517578,18759000
